i,r,t,Value
battery_li,CA_LA,2015,3.0
battery_li,CA_LA,2020,80.9
battery_li,CA_LA,2023,734.8
battery_li,CA_LA,2026,1484.4
battery_li,CA_LA,2029,1483.4
battery_li,CA_LA,2032,1446.4
battery_li,CA_N,2015,8.0
battery_li,CA_N,2020,9.5
battery_li,CA_N,2023,345.5
battery_li,CA_N,2026,1371.6
battery_li,CA_N,2029,1371.6
battery_li,CA_N,2032,1363.6
battery_li,CA_S,2020,101.5
battery_li,CA_S,2023,3303.1
battery_li,CA_S,2026,6491.5
battery_li,CA_S,2029,7361.891701
battery_li,CA_S,2032,7361.891701
battery_li,CA_SE,2015,4.0
battery_li,CA_SE,2020,397.0
battery_li,CA_SE,2023,3573.6
battery_li,CA_SE,2026,7947.8
battery_li,CA_SE,2029,8486.754837
battery_li,CA_SE,2032,8381.254837
battery_li,OR_E,2023,30.0
battery_li,OR_E,2026,32.0
battery_li,OR_E,2029,43.409248
battery_li,OR_E,2032,43.409248
battery_li,OR_W,2015,5.0
battery_li,OR_W,2020,5.0
battery_li,OR_W,2023,5.0
battery_li,OR_W,2026,492.0
battery_li,OR_W,2029,667.356798
battery_li,OR_W,2032,662.356798
battery_li,WA_E,2020,1.0
battery_li,WA_E,2023,1.0
battery_li,WA_E,2026,1.0
battery_li,WA_E,2029,1.380262
battery_li,WA_E,2032,1.380262
battery_li,WA_W,2015,1.0
battery_li,WA_W,2020,4.0
battery_li,WA_W,2023,5.0
battery_li,WA_W,2026,28.0
battery_li,WA_W,2029,28.0
battery_li,WA_W,2032,25.0
biopower,CA_LA,2020,22.0
biopower,CA_LA,2023,22.0
biopower,CA_LA,2026,22.0
biopower,CA_LA,2029,22.0
biopower,CA_LA,2032,22.0
biopower,CA_N,2010,306.1
biopower,CA_N,2015,311.5
biopower,CA_N,2020,299.7
biopower,CA_N,2023,302.7
biopower,CA_N,2026,307.7
biopower,CA_N,2029,310.7
biopower,CA_N,2032,163.8
biopower,CA_S,2010,88.7
biopower,CA_S,2015,90.5
biopower,CA_S,2020,94.5
biopower,CA_S,2023,98.7
biopower,CA_S,2026,101.1
biopower,CA_S,2029,101.1
biopower,CA_S,2032,89.6
biopower,CA_SE,2010,75.5
biopower,CA_SE,2015,75.5
biopower,CA_SE,2020,75.5
biopower,CA_SE,2023,62.5
biopower,CA_SE,2026,65.1
biopower,CA_SE,2029,65.1
biopower,CA_SE,2032,49.6
biopower,OR_E,2010,7.5
biopower,OR_E,2015,7.5
biopower,OR_E,2020,7.5
biopower,OR_E,2023,7.5
biopower,OR_E,2026,7.5
biopower,OR_E,2029,7.5
biopower,OR_W,2010,44.3
biopower,OR_W,2015,45.3
biopower,OR_W,2020,45.3
biopower,OR_W,2023,45.3
biopower,OR_W,2026,45.3
biopower,OR_W,2029,45.3
biopower,OR_W,2032,15.0
biopower,WA_E,2010,50.0
biopower,WA_E,2015,50.0
biopower,WA_E,2020,50.0
biopower,WA_E,2023,50.0
biopower,WA_E,2026,50.0
can-imports,WA_E,2010,217.172
can-imports,WA_E,2015,474.583
can-imports,WA_E,2020,457.825
can-imports,WA_E,2023,301.297
can-imports,WA_E,2026,297.499
can-imports,WA_E,2029,250.73
can-imports,WA_E,2032,244.777
can-imports,WA_W,2010,675.646
can-imports,WA_W,2015,1476.48
can-imports,WA_W,2020,1424.344
can-imports,WA_W,2023,937.369
can-imports,WA_W,2026,925.553
can-imports,WA_W,2029,780.05
can-imports,WA_W,2032,761.527
CoalOldScr,OR_E,2010,585.0
CoalOldScr,OR_E,2015,585.0
CoalOldScr,WA_W,2010,1340.0
CoalOldScr,WA_W,2015,1340.0
CoalOldScr,WA_W,2020,670.0
CoalOldScr,WA_W,2023,670.0
distpv,CA_LA,2010,183.801653
distpv,CA_LA,2015,1286.61157
distpv,CA_LA,2020,3314.297521
distpv,CA_LA,2023,4382.561983
distpv,CA_LA,2026,4613.553719
distpv,CA_LA,2029,5068.842975
distpv,CA_LA,2032,5514.793388
distpv,CA_N,2010,185.454545
distpv,CA_N,2015,1289.008264
distpv,CA_N,2020,3151.983471
distpv,CA_N,2023,4086.61157
distpv,CA_N,2026,4227.603306
distpv,CA_N,2029,4572.727273
distpv,CA_N,2032,4944.628099
distpv,CA_S,2010,49.338843
distpv,CA_S,2015,358.760331
distpv,CA_S,2020,1006.280992
distpv,CA_S,2023,1336.198347
distpv,CA_S,2026,1388.016529
distpv,CA_S,2029,1513.38843
distpv,CA_S,2032,1653.305785
distpv,CA_SE,2010,102.809917
distpv,CA_SE,2015,747.603306
distpv,CA_SE,2020,2115.041322
distpv,CA_SE,2023,2830.330579
distpv,CA_SE,2026,2978.595041
distpv,CA_SE,2029,3282.231405
distpv,CA_SE,2032,3582.479339
distpv,OR_E,2010,1.487603
distpv,OR_E,2015,13.38843
distpv,OR_E,2020,38.099174
distpv,OR_E,2023,64.545455
distpv,OR_E,2026,70.909091
distpv,OR_E,2029,86.280992
distpv,OR_E,2032,111.652893
distpv,OR_W,2010,8.842975
distpv,OR_W,2015,67.438017
distpv,OR_W,2020,139.421488
distpv,OR_W,2023,226.198347
distpv,OR_W,2026,246.363636
distpv,OR_W,2029,362.561983
distpv,OR_W,2032,586.694215
distpv,WA_E,2010,1.570248
distpv,WA_E,2015,11.322314
distpv,WA_E,2020,41.818182
distpv,WA_E,2023,67.520661
distpv,WA_E,2026,68.264463
distpv,WA_E,2029,78.264463
distpv,WA_E,2032,93.884298
distpv,WA_W,2010,5.454545
distpv,WA_W,2015,39.338843
distpv,WA_W,2020,141.157025
distpv,WA_W,2023,225.619835
distpv,WA_W,2026,222.231405
distpv,WA_W,2029,240.909091
distpv,WA_W,2032,269.586777
Gas-CC,CA_LA,2010,2085.3
Gas-CC,CA_LA,2015,2908.3
Gas-CC,CA_LA,2020,4225.3
Gas-CC,CA_LA,2023,4115.3
Gas-CC,CA_LA,2026,4115.3
Gas-CC,CA_LA,2029,4115.3
Gas-CC,CA_LA,2032,4115.3
Gas-CC,CA_N,2010,6167.2
Gas-CC,CA_N,2015,7350.4
Gas-CC,CA_N,2020,7350.4
Gas-CC,CA_N,2023,7350.4
Gas-CC,CA_N,2026,7350.4
Gas-CC,CA_N,2029,7350.4
Gas-CC,CA_N,2032,7951.860712
Gas-CC,CA_S,2010,4060.8
Gas-CC,CA_S,2015,4073.3
Gas-CC,CA_S,2020,4073.3
Gas-CC,CA_S,2023,4067.3
Gas-CC,CA_S,2026,4067.3
Gas-CC,CA_S,2029,4067.3
Gas-CC,CA_S,2032,4683.715599
Gas-CC,CA_SE,2010,4462.3
Gas-CC,CA_SE,2015,4582.3
Gas-CC,CA_SE,2020,3892.3
Gas-CC,CA_SE,2023,3892.3
Gas-CC,CA_SE,2026,4219.810271
Gas-CC,CA_SE,2029,4219.810271
Gas-CC,CA_SE,2032,5991.720156
Gas-CC,OR_E,2010,2117.2
Gas-CC,OR_E,2015,2117.2
Gas-CC,OR_E,2020,2533.5
Gas-CC,OR_E,2023,2533.5
Gas-CC,OR_E,2026,2533.5
Gas-CC,OR_E,2029,2533.5
Gas-CC,OR_E,2032,2533.5
Gas-CC,OR_W,2010,861.0
Gas-CC,OR_W,2015,861.0
Gas-CC,OR_W,2020,861.0
Gas-CC,OR_W,2023,861.0
Gas-CC,OR_W,2026,861.0
Gas-CC,OR_W,2029,529.2
Gas-CC,OR_W,2032,392.2
Gas-CC,WA_E,2010,263.7
Gas-CC,WA_E,2015,263.7
Gas-CC,WA_E,2020,263.7
Gas-CC,WA_E,2023,263.7
Gas-CC,WA_E,2026,263.7
Gas-CC,WA_E,2029,263.7
Gas-CC,WA_E,2032,263.7
Gas-CC,WA_W,2010,2373.1
Gas-CC,WA_W,2015,2373.1
Gas-CC,WA_W,2020,2373.1
Gas-CC,WA_W,2023,2373.1
Gas-CC,WA_W,2026,3019.463558
Gas-CC,WA_W,2029,1480.420528
Gas-CC,WA_W,2032,1480.420528
Gas-CC-CCS_mod,WA_E,2029,266.833333
Gas-CC-CCS_mod,WA_E,2032,488.343966
Gas-CT,CA_LA,2010,913.7
Gas-CT,CA_LA,2015,2470.9
Gas-CT,CA_LA,2020,2611.9
Gas-CT,CA_LA,2023,2611.9
Gas-CT,CA_LA,2026,2611.9
Gas-CT,CA_LA,2029,2978.566667
Gas-CT,CA_LA,2032,2674.566667
Gas-CT,CA_N,2010,1618.5
Gas-CT,CA_N,2015,2798.8
Gas-CT,CA_N,2020,2798.8
Gas-CT,CA_N,2023,2920.0
Gas-CT,CA_N,2026,4870.001934
Gas-CT,CA_N,2029,4869.201934
Gas-CT,CA_N,2032,4869.201934
Gas-CT,CA_S,2010,2412.5
Gas-CT,CA_S,2015,2473.0
Gas-CT,CA_S,2020,2473.0
Gas-CT,CA_S,2023,2473.0
Gas-CT,CA_S,2026,2509.634998
Gas-CT,CA_S,2029,2921.549994
Gas-CT,CA_S,2032,2921.549994
Gas-CT,CA_SE,2010,1218.2
Gas-CT,CA_SE,2015,2177.4
Gas-CT,CA_SE,2020,3021.3
Gas-CT,CA_SE,2023,3021.3
Gas-CT,CA_SE,2026,13577.152459
Gas-CT,CA_SE,2029,13521.252459
Gas-CT,CA_SE,2032,13503.252459
Gas-CT,OR_E,2010,100.0
Gas-CT,OR_E,2015,104.8
Gas-CT,OR_E,2020,104.8
Gas-CT,OR_E,2023,104.8
Gas-CT,OR_E,2026,104.8
Gas-CT,OR_E,2029,104.8
Gas-CT,OR_E,2032,104.8
Gas-CT,OR_W,2010,33.8
Gas-CT,OR_W,2015,258.2
Gas-CT,OR_W,2020,258.2
Gas-CT,OR_W,2023,248.4
Gas-CT,OR_W,2026,248.4
Gas-CT,OR_W,2029,248.4
Gas-CT,OR_W,2032,248.4
Gas-CT,WA_E,2010,75.8
Gas-CT,WA_E,2015,75.8
Gas-CT,WA_E,2020,75.8
Gas-CT,WA_E,2023,75.8
Gas-CT,WA_E,2026,75.8
Gas-CT,WA_E,2029,75.8
Gas-CT,WA_E,2032,204.654001
Gas-CT,WA_W,2010,548.0
Gas-CT,WA_W,2015,548.0
Gas-CT,WA_W,2020,548.0
Gas-CT,WA_W,2023,548.0
Gas-CT,WA_W,2026,4131.947177
Gas-CT,WA_W,2029,4131.947177
Gas-CT,WA_W,2032,4131.947177
H2-CT,CA_LA,2029,461.333333
H2-CT,CA_LA,2032,461.333333
lfill-gas,CA_LA,2010,51.5
lfill-gas,CA_LA,2015,108.7
lfill-gas,CA_LA,2020,132.5
lfill-gas,CA_LA,2023,128.0
lfill-gas,CA_LA,2026,100.0
lfill-gas,CA_LA,2029,100.0
lfill-gas,CA_LA,2032,100.0
lfill-gas,CA_N,2010,35.2
lfill-gas,CA_N,2015,55.2
lfill-gas,CA_N,2020,67.2
lfill-gas,CA_N,2023,67.2
lfill-gas,CA_N,2026,70.2
lfill-gas,CA_N,2029,70.2
lfill-gas,CA_N,2032,70.2
lfill-gas,CA_S,2010,6.7
lfill-gas,CA_S,2015,9.6
lfill-gas,CA_S,2020,6.9
lfill-gas,CA_S,2023,6.9
lfill-gas,CA_S,2026,6.9
lfill-gas,CA_S,2029,6.9
lfill-gas,CA_S,2032,6.9
lfill-gas,CA_SE,2010,12.8
lfill-gas,CA_SE,2015,15.2
lfill-gas,CA_SE,2020,15.2
lfill-gas,CA_SE,2023,11.6
lfill-gas,CA_SE,2026,11.6
lfill-gas,CA_SE,2029,11.6
lfill-gas,CA_SE,2032,11.6
lfill-gas,OR_E,2010,11.2
lfill-gas,OR_E,2015,17.6
lfill-gas,OR_E,2020,17.6
lfill-gas,OR_E,2023,17.6
lfill-gas,OR_E,2026,17.6
lfill-gas,OR_E,2029,17.6
lfill-gas,OR_E,2032,17.6
lfill-gas,OR_W,2010,25.1
lfill-gas,OR_W,2015,26.7
lfill-gas,OR_W,2020,26.7
lfill-gas,OR_W,2023,26.7
lfill-gas,OR_W,2026,26.7
lfill-gas,OR_W,2029,26.7
lfill-gas,OR_W,2032,26.7
lfill-gas,WA_E,2010,22.7
lfill-gas,WA_E,2015,22.7
lfill-gas,WA_E,2020,22.7
lfill-gas,WA_E,2023,22.7
lfill-gas,WA_E,2026,22.7
lfill-gas,WA_E,2029,22.7
lfill-gas,WA_E,2032,22.7
lfill-gas,WA_W,2015,4.5
lfill-gas,WA_W,2020,4.5
lfill-gas,WA_W,2023,4.5
lfill-gas,WA_W,2026,4.5
lfill-gas,WA_W,2029,4.5
lfill-gas,WA_W,2032,4.5
Nuclear,CA_S,2010,2240.0
Nuclear,CA_S,2015,2240.0
Nuclear,CA_S,2020,2240.0
Nuclear,CA_S,2023,2240.0
Nuclear,CA_S,2026,2240.0
Nuclear,CA_S,2029,1118.0
Nuclear,WA_E,2010,1151.0
Nuclear,WA_E,2015,1151.0
Nuclear,WA_E,2020,1151.0
Nuclear,WA_E,2023,1151.0
Nuclear,WA_E,2026,1151.0
Nuclear,WA_E,2029,1151.0
Nuclear,WA_E,2032,1151.0
o-g-s,CA_LA,2010,4619.6
o-g-s,CA_LA,2015,4626.8
o-g-s,CA_LA,2020,4655.8
o-g-s,CA_LA,2023,3729.6
o-g-s,CA_LA,2026,2360.2
o-g-s,CA_LA,2029,607.9
o-g-s,CA_LA,2032,606.8
o-g-s,CA_N,2010,231.7
o-g-s,CA_N,2015,248.7
o-g-s,CA_N,2020,314.1
o-g-s,CA_N,2023,259.4
o-g-s,CA_N,2026,259.4
o-g-s,CA_N,2029,149.4
o-g-s,CA_N,2032,95.9
o-g-s,CA_S,2015,4.8
o-g-s,CA_S,2020,14.4
o-g-s,CA_S,2023,14.4
o-g-s,CA_S,2026,14.4
o-g-s,CA_S,2029,14.4
o-g-s,CA_S,2032,14.4
o-g-s,CA_SE,2010,176.7
o-g-s,CA_SE,2015,187.3
o-g-s,CA_SE,2020,192.8
o-g-s,CA_SE,2023,188.3
o-g-s,CA_SE,2026,100.6
o-g-s,CA_SE,2029,100.6
o-g-s,CA_SE,2032,79.5
o-g-s,WA_W,2010,7.9
o-g-s,WA_W,2015,7.9
o-g-s,WA_W,2020,7.9
o-g-s,WA_W,2023,7.9
o-g-s,WA_W,2026,7.9
o-g-s,WA_W,2029,7.9
o-g-s,WA_W,2032,2.5
pumped-hydro,CA_LA,2010,1623.0
pumped-hydro,CA_LA,2015,1623.0
pumped-hydro,CA_LA,2020,1623.0
pumped-hydro,CA_LA,2023,1623.0
pumped-hydro,CA_LA,2026,1623.0
pumped-hydro,CA_LA,2029,1623.0
pumped-hydro,CA_LA,2032,1623.0
pumped-hydro,CA_N,2010,835.1
pumped-hydro,CA_N,2015,835.1
pumped-hydro,CA_N,2020,835.1
pumped-hydro,CA_N,2023,835.1
pumped-hydro,CA_N,2026,835.1
pumped-hydro,CA_N,2029,881.031308
pumped-hydro,CA_N,2032,881.031308
pumped-hydro,CA_S,2010,1411.8
pumped-hydro,CA_S,2015,1411.8
pumped-hydro,CA_S,2020,1411.8
pumped-hydro,CA_S,2023,1411.8
pumped-hydro,CA_S,2026,1411.8
pumped-hydro,CA_S,2029,1411.8
pumped-hydro,CA_S,2032,1411.8
pumped-hydro,CA_SE,2015,42.0
pumped-hydro,CA_SE,2020,42.0
pumped-hydro,CA_SE,2023,42.0
pumped-hydro,CA_SE,2026,42.0
pumped-hydro,CA_SE,2029,1486.666667
pumped-hydro,CA_SE,2032,1486.666667
pumped-hydro,OR_W,2029,800.0
pumped-hydro,OR_W,2032,800.0
pumped-hydro,WA_E,2010,314.0
pumped-hydro,WA_E,2015,314.0
pumped-hydro,WA_E,2020,314.0
pumped-hydro,WA_E,2023,314.0
pumped-hydro,WA_E,2026,314.0
pumped-hydro,WA_E,2029,314.0
pumped-hydro,WA_E,2032,314.0
hydND,WA_W,2015,7.9
hydND,WA_W,2020,21.9
hydND,WA_W,2023,21.9
hydND,WA_W,2026,21.9
hydND,WA_W,2029,21.9
hydND,WA_W,2032,21.9
hydUD,CA_N,2029,6.933333
hydUD,CA_N,2032,435.075815
hydUD,CA_S,2032,143.049185
hydUD,OR_E,2032,165.881938
hydUD,OR_W,2032,28.919062
hydUD,WA_E,2015,732.0
hydUD,WA_E,2020,1220.0
hydUD,WA_E,2023,1220.0
hydUD,WA_E,2026,1220.0
hydUD,WA_E,2029,1316.56763
hydUD,WA_E,2032,1316.56763
hydUD,WA_W,2015,26.7
hydUD,WA_W,2020,26.7
hydUD,WA_W,2023,26.7
hydUD,WA_W,2026,26.7
hydUD,WA_W,2029,26.7
hydUD,WA_W,2032,319.26137
hydUND,CA_N,2015,6.5
hydUND,CA_N,2020,9.2
hydUND,CA_N,2023,9.2
hydUND,CA_N,2026,10.6
hydUND,CA_N,2029,10.6
hydUND,CA_N,2032,197.390392
hydUND,CA_S,2020,7.3
hydUND,CA_S,2023,7.3
hydUND,CA_S,2026,7.3
hydUND,CA_S,2029,7.3
hydUND,CA_S,2032,28.726894
hydUND,CA_SE,2026,5.1
hydUND,CA_SE,2029,5.1
hydUND,CA_SE,2032,5.1
hydUND,OR_E,2010,3.3
hydUND,OR_E,2015,7.4
hydUND,OR_E,2020,7.4
hydUND,OR_E,2023,7.4
hydUND,OR_E,2026,7.4
hydUND,OR_E,2029,7.4
hydUND,OR_E,2032,7.4
hydUND,OR_W,2015,1.0
hydUND,OR_W,2020,2.1
hydUND,OR_W,2023,20.1
hydUND,OR_W,2026,20.1
hydUND,OR_W,2029,20.1
hydUND,OR_W,2032,39.534
hydUND,WA_E,2029,273.43237
hydUND,WA_E,2032,273.43237
hydUND,WA_W,2015,18.7
hydUND,WA_W,2020,18.7
hydUND,WA_W,2023,18.7
hydUND,WA_W,2026,18.7
hydUND,WA_W,2029,18.7
hydUND,WA_W,2032,18.7
hydNPND,CA_LA,2032,5.196
hydNPND,OR_W,2015,7.5
hydNPND,OR_W,2020,7.5
hydNPND,OR_W,2023,7.5
hydNPND,OR_W,2026,7.5
hydNPND,OR_W,2029,7.5
hydNPND,OR_W,2032,7.5
hydED,CA_LA,2020,1.3
hydED,CA_LA,2023,1.3
hydED,CA_LA,2026,1.3
hydED,CA_LA,2029,1.3
hydED,CA_LA,2032,1.3
hydED,CA_N,2010,3141.1
hydED,CA_N,2015,3141.1
hydED,CA_N,2020,3141.1
hydED,CA_N,2023,3141.1
hydED,CA_N,2026,3141.1
hydED,CA_N,2029,3141.1
hydED,CA_N,2032,3141.1
hydED,CA_S,2010,349.1
hydED,CA_S,2015,349.1
hydED,CA_S,2020,349.1
hydED,CA_S,2023,349.1
hydED,CA_S,2026,349.1
hydED,CA_S,2029,349.1
hydED,CA_S,2032,349.1
hydED,CA_SE,2010,120.0
hydED,CA_SE,2015,120.0
hydED,CA_SE,2020,120.0
hydED,CA_SE,2023,120.0
hydED,CA_SE,2026,120.0
hydED,CA_SE,2029,120.0
hydED,CA_SE,2032,120.0
hydED,OR_E,2010,1110.9
hydED,OR_E,2015,1110.9
hydED,OR_E,2020,1110.9
hydED,OR_E,2023,1110.9
hydED,OR_E,2026,1110.9
hydED,OR_E,2029,1110.9
hydED,OR_E,2032,1110.9
hydED,OR_W,2010,366.0
hydED,OR_W,2015,366.0
hydED,OR_W,2020,366.0
hydED,OR_W,2023,366.0
hydED,OR_W,2026,366.0
hydED,OR_W,2029,366.0
hydED,OR_W,2032,366.0
hydED,WA_E,2010,11165.3
hydED,WA_E,2015,11165.3
hydED,WA_E,2020,11165.3
hydED,WA_E,2023,11165.3
hydED,WA_E,2026,11165.3
hydED,WA_E,2029,11165.3
hydED,WA_E,2032,11165.3
hydED,WA_W,2010,1157.7
hydED,WA_W,2015,1157.7
hydED,WA_W,2020,1157.7
hydED,WA_W,2023,1157.7
hydED,WA_W,2026,1157.7
hydED,WA_W,2029,1157.7
hydED,WA_W,2032,1157.7
hydEND,CA_LA,2010,355.0
hydEND,CA_LA,2015,355.0
hydEND,CA_LA,2020,355.0
hydEND,CA_LA,2023,355.0
hydEND,CA_LA,2026,355.0
hydEND,CA_LA,2029,355.0
hydEND,CA_LA,2032,355.0
hydEND,CA_N,2010,4367.1
hydEND,CA_N,2015,4367.1
hydEND,CA_N,2020,4367.1
hydEND,CA_N,2023,4367.1
hydEND,CA_N,2026,4367.1
hydEND,CA_N,2029,4367.1
hydEND,CA_N,2032,4367.1
hydEND,CA_S,2010,1515.62
hydEND,CA_S,2015,1515.62
hydEND,CA_S,2020,1515.62
hydEND,CA_S,2023,1515.62
hydEND,CA_S,2026,1515.62
hydEND,CA_S,2029,1515.62
hydEND,CA_S,2032,1515.62
hydEND,CA_SE,2010,443.6
hydEND,CA_SE,2015,443.6
hydEND,CA_SE,2020,443.6
hydEND,CA_SE,2023,443.6
hydEND,CA_SE,2026,443.6
hydEND,CA_SE,2029,443.6
hydEND,CA_SE,2032,443.6
hydEND,OR_E,2010,145.8
hydEND,OR_E,2015,145.8
hydEND,OR_E,2020,145.8
hydEND,OR_E,2023,145.8
hydEND,OR_E,2026,145.8
hydEND,OR_E,2029,145.8
hydEND,OR_E,2032,145.8
hydEND,OR_W,2010,1865.3
hydEND,OR_W,2015,1865.3
hydEND,OR_W,2020,1865.3
hydEND,OR_W,2023,1865.3
hydEND,OR_W,2026,1865.3
hydEND,OR_W,2029,1865.3
hydEND,OR_W,2032,1865.3
hydEND,WA_E,2010,11120.46
hydEND,WA_E,2015,11120.46
hydEND,WA_E,2020,11120.46
hydEND,WA_E,2023,11120.46
hydEND,WA_E,2026,11120.46
hydEND,WA_E,2029,11120.46
hydEND,WA_E,2032,11120.46
hydEND,WA_W,2010,1628.3
hydEND,WA_W,2015,1628.3
hydEND,WA_W,2020,1628.3
hydEND,WA_W,2023,1628.3
hydEND,WA_W,2026,1628.3
hydEND,WA_W,2029,1628.3
hydEND,WA_W,2032,1628.3
electrolyzer,CA_LA,2029,126.52464
electrolyzer,CA_LA,2032,126.52464
upv_1,CA_N,2023,1.8
upv_1,CA_N,2026,8.8
upv_1,CA_N,2029,8.8
upv_1,CA_N,2032,8.8
upv_1,OR_W,2015,5.2
upv_1,OR_W,2020,115.0
upv_1,OR_W,2023,167.6
upv_1,OR_W,2026,181.9
upv_1,OR_W,2029,181.9
upv_1,OR_W,2032,181.9
upv_1,WA_W,2020,0.5
upv_1,WA_W,2023,0.5
upv_1,WA_W,2026,0.5
upv_1,WA_W,2029,341.594527
upv_1,WA_W,2032,341.594527
upv_2,OR_E,2020,23.8
upv_2,OR_E,2023,73.8
upv_2,OR_E,2026,493.8
upv_2,OR_E,2029,2297.383692
upv_2,OR_E,2032,2297.383692
upv_2,OR_W,2020,19.9
upv_2,OR_W,2023,19.9
upv_2,OR_W,2026,22.2
upv_2,OR_W,2029,22.2
upv_2,OR_W,2032,22.2
upv_2,WA_E,2010,0.4
upv_2,WA_E,2015,0.4
upv_2,WA_E,2020,22.8
upv_2,WA_E,2023,37.8
upv_2,WA_E,2026,277.8
upv_2,WA_E,2029,277.8
upv_2,WA_E,2032,277.8
upv_3,CA_N,2010,4.5
upv_3,CA_N,2015,4.5
upv_3,CA_N,2020,6.9
upv_3,CA_N,2023,6.9
upv_3,CA_N,2026,6.9
upv_3,CA_N,2029,6.9
upv_3,CA_N,2032,6.9
upv_3,CA_S,2010,1.0
upv_3,CA_S,2015,1.0
upv_3,CA_S,2020,1.0
upv_3,CA_S,2023,5.4
upv_3,CA_S,2026,6.6
upv_3,CA_S,2029,6.6
upv_3,CA_S,2032,6.6
upv_3,OR_E,2015,13.1
upv_3,OR_E,2020,396.8
upv_3,OR_E,2023,676.4
upv_3,OR_E,2026,2196.8
upv_3,OR_E,2029,2196.8
upv_3,OR_E,2032,2196.8
upv_3,WA_E,2023,150.0
upv_3,WA_E,2026,207.384328
upv_3,WA_E,2029,10149.146766
upv_3,WA_E,2032,14950.646477
upv_4,CA_LA,2010,2.5
upv_4,CA_LA,2015,16.2
upv_4,CA_LA,2020,62.9
upv_4,CA_LA,2023,93.4
upv_4,CA_LA,2026,130.1
upv_4,CA_LA,2029,130.1
upv_4,CA_LA,2032,130.1
upv_4,CA_N,2010,23.6
upv_4,CA_N,2015,306.4
upv_4,CA_N,2020,663.3
upv_4,CA_N,2023,913.7
upv_4,CA_N,2026,1514.09
upv_4,CA_N,2029,1514.09
upv_4,CA_N,2032,1514.09
upv_4,CA_S,2010,8.0
upv_4,CA_S,2015,586.3
upv_4,CA_S,2020,2032.6
upv_4,CA_S,2023,3099.0
upv_4,CA_S,2026,4800.06
upv_4,CA_S,2029,5240.06
upv_4,CA_S,2032,5240.06
upv_4,CA_SE,2010,1.0
upv_4,CA_SE,2015,6.6
upv_4,CA_SE,2020,18.8
upv_4,CA_SE,2023,22.4
upv_4,CA_SE,2026,22.4
upv_4,CA_SE,2029,22.4
upv_4,CA_SE,2032,22.4
upv_4,OR_E,2020,18.0
upv_4,OR_E,2023,73.0
upv_4,OR_E,2026,73.0
upv_4,OR_E,2029,73.0
upv_4,OR_E,2032,73.0
upv_5,CA_LA,2010,1.2
upv_5,CA_LA,2015,772.7
upv_5,CA_LA,2020,1846.7
upv_5,CA_LA,2023,1918.0
upv_5,CA_LA,2026,2612.270149
upv_5,CA_LA,2029,4368.447761
upv_5,CA_LA,2032,4368.447761
upv_5,CA_N,2015,22.2
upv_5,CA_N,2020,25.2
upv_5,CA_N,2023,25.2
upv_5,CA_N,2026,342.835896
upv_5,CA_N,2029,463.847112
upv_5,CA_N,2032,463.847112
upv_5,CA_S,2010,1.1
upv_5,CA_S,2015,1825.4
upv_5,CA_S,2020,3832.6
upv_5,CA_S,2023,5188.8
upv_5,CA_S,2026,8514.22
upv_5,CA_S,2029,18996.491218
upv_5,CA_S,2032,18996.491218
upv_5,CA_SE,2015,1844.99
upv_5,CA_SE,2020,4193.79
upv_5,CA_SE,2023,7304.89
upv_5,CA_SE,2026,9618.95
upv_5,CA_SE,2029,11066.677612
upv_5,CA_SE,2032,11066.677612
wind-ons_2,CA_N,2010,1.0
wind-ons_2,CA_N,2015,1.0
wind-ons_2,CA_N,2020,1.0
wind-ons_2,CA_N,2023,1.0
wind-ons_2,CA_N,2026,1.0
wind-ons_2,CA_N,2029,1.0
wind-ons_2,CA_N,2032,1.0
wind-ons_2,CA_S,2015,2.0
wind-ons_2,CA_S,2020,9.3
wind-ons_2,CA_S,2023,14.9
wind-ons_2,CA_S,2026,14.9
wind-ons_2,CA_S,2029,14.9
wind-ons_2,CA_S,2032,14.9
wind-ons_3,CA_N,2015,1.0
wind-ons_3,CA_N,2020,1.0
wind-ons_3,CA_N,2023,1.0
wind-ons_3,CA_N,2026,1.0
wind-ons_3,CA_N,2029,1.0
wind-ons_3,CA_N,2032,1.0
wind-ons_3,CA_S,2032,378.0
wind-ons_3,WA_E,2026,126.0
wind-ons_3,WA_E,2029,126.0
wind-ons_3,WA_E,2032,126.0
wind-ons_4,CA_N,2010,17.0
wind-ons_4,CA_N,2015,17.0
wind-ons_4,CA_N,2020,17.0
wind-ons_4,CA_N,2023,17.0
wind-ons_4,CA_N,2026,149.8
wind-ons_4,CA_N,2029,149.8
wind-ons_4,CA_N,2032,149.8
wind-ons_4,CA_S,2029,1824.0
wind-ons_4,CA_S,2032,3282.0
wind-ons_4,WA_W,2032,1332.0
wind-ons_5,CA_LA,2029,228.0
wind-ons_5,CA_LA,2032,228.0
wind-ons_5,CA_N,2010,38.0
wind-ons_5,CA_N,2015,40.0
wind-ons_5,CA_N,2020,40.0
wind-ons_5,CA_N,2023,40.0
wind-ons_5,CA_N,2026,40.0
wind-ons_5,CA_N,2029,40.0
wind-ons_5,CA_N,2032,40.0
wind-ons_5,CA_S,2029,612.0
wind-ons_5,CA_S,2032,672.0
wind-ons_5,CA_SE,2015,4.0
wind-ons_5,CA_SE,2020,4.0
wind-ons_5,CA_SE,2023,4.0
wind-ons_5,CA_SE,2026,4.0
wind-ons_5,CA_SE,2029,4.0
wind-ons_5,CA_SE,2032,901.745634
wind-ons_5,OR_E,2015,3.0
wind-ons_5,OR_E,2020,43.0
wind-ons_5,OR_E,2023,43.0
wind-ons_5,OR_E,2026,43.0
wind-ons_5,OR_E,2029,43.0
wind-ons_5,OR_E,2032,43.0
wind-ons_5,WA_E,2010,176.9
wind-ons_5,WA_E,2015,176.9
wind-ons_5,WA_E,2020,320.9
wind-ons_5,WA_E,2023,320.9
wind-ons_5,WA_E,2026,320.9
wind-ons_5,WA_E,2029,320.9
wind-ons_5,WA_E,2032,144.0
wind-ons_5,WA_W,2032,3246.0
wind-ons_6,CA_N,2010,101.2
wind-ons_6,CA_N,2015,101.2
wind-ons_6,CA_N,2020,101.2
wind-ons_6,CA_N,2023,101.2
wind-ons_6,CA_N,2026,101.2
wind-ons_6,CA_N,2029,1097.356667
wind-ons_6,CA_N,2032,1097.356667
wind-ons_6,CA_S,2029,130.792
wind-ons_6,CA_S,2032,390.0
wind-ons_6,CA_SE,2010,50.0
wind-ons_6,CA_SE,2015,53.2
wind-ons_6,CA_SE,2020,196.2
wind-ons_6,CA_SE,2023,196.2
wind-ons_6,CA_SE,2026,196.2
wind-ons_6,CA_SE,2029,196.2
wind-ons_6,CA_SE,2032,320.0
wind-ons_6,OR_E,2010,194.4
wind-ons_6,OR_E,2015,484.4
wind-ons_6,OR_E,2020,834.4
wind-ons_6,OR_E,2023,834.4
wind-ons_6,OR_E,2026,1034.4
wind-ons_6,OR_E,2029,1034.4
wind-ons_6,OR_E,2032,984.6
wind-ons_6,WA_E,2010,430.3
wind-ons_6,WA_E,2015,823.0
wind-ons_6,WA_E,2020,823.0
wind-ons_6,WA_E,2023,823.0
wind-ons_6,WA_E,2026,823.0
wind-ons_6,WA_E,2029,1263.0
wind-ons_6,WA_E,2032,1168.0
wind-ons_6,WA_W,2010,6.0
wind-ons_6,WA_W,2015,6.0
wind-ons_6,WA_W,2020,142.8
wind-ons_6,WA_W,2023,142.8
wind-ons_6,WA_W,2026,142.8
wind-ons_6,WA_W,2029,1399.471211
wind-ons_6,WA_W,2032,3942.0
wind-ons_7,CA_N,2029,498.0
wind-ons_7,CA_N,2032,498.0
wind-ons_7,CA_S,2026,17.598
wind-ons_7,CA_S,2029,432.0
wind-ons_7,CA_S,2032,432.0
wind-ons_7,CA_SE,2029,514.052333
wind-ons_7,CA_SE,2032,1476.0
wind-ons_7,OR_E,2010,536.8
wind-ons_7,OR_E,2015,1291.0
wind-ons_7,OR_E,2020,1501.0
wind-ons_7,OR_E,2023,1509.0
wind-ons_7,OR_E,2026,1509.0
wind-ons_7,OR_E,2029,1509.0
wind-ons_7,OR_E,2032,1386.2
wind-ons_7,OR_W,2029,588.0
wind-ons_7,OR_W,2032,588.0
wind-ons_7,WA_E,2010,779.5
wind-ons_7,WA_E,2015,1300.4
wind-ons_7,WA_E,2020,1300.4
wind-ons_7,WA_E,2023,1300.4
wind-ons_7,WA_E,2026,1300.4
wind-ons_7,WA_E,2029,2816.2
wind-ons_7,WA_E,2032,2816.2
wind-ons_7,WA_W,2026,429.062123
wind-ons_7,WA_W,2029,429.062123
wind-ons_7,WA_W,2032,1050.0
wind-ons_8,CA_N,2010,18.0
wind-ons_8,CA_N,2015,183.6
wind-ons_8,CA_N,2020,229.6
wind-ons_8,CA_N,2023,285.8
wind-ons_8,CA_N,2026,628.177
wind-ons_8,CA_N,2029,810.0
wind-ons_8,CA_N,2032,810.0
wind-ons_8,CA_S,2015,329.0
wind-ons_8,CA_S,2020,329.0
wind-ons_8,CA_S,2023,329.0
wind-ons_8,CA_S,2026,329.001
wind-ons_8,CA_S,2029,329.001
wind-ons_8,CA_S,2032,329.001
wind-ons_8,CA_SE,2029,762.0
wind-ons_8,CA_SE,2032,762.0
wind-ons_8,OR_E,2010,960.5
wind-ons_8,OR_E,2015,960.5
wind-ons_8,OR_E,2020,960.5
wind-ons_8,OR_E,2023,1161.8
wind-ons_8,OR_E,2026,1161.8
wind-ons_8,OR_E,2029,1161.8
wind-ons_8,OR_E,2032,1161.8
wind-ons_8,OR_W,2029,582.0
wind-ons_8,OR_W,2032,582.0
wind-ons_8,WA_E,2010,549.5
wind-ons_8,WA_E,2015,553.8
wind-ons_8,WA_E,2020,553.8
wind-ons_8,WA_E,2023,553.8
wind-ons_8,WA_E,2026,611.5
wind-ons_8,WA_E,2029,3852.0
wind-ons_8,WA_E,2032,3852.0
wind-ons_8,WA_W,2026,240.0
wind-ons_8,WA_W,2029,240.0
wind-ons_8,WA_W,2032,240.0
wind-ons_9,CA_LA,2029,66.0
wind-ons_9,CA_LA,2032,66.0
wind-ons_9,CA_N,2010,614.4
wind-ons_9,CA_N,2015,1025.6
wind-ons_9,CA_N,2020,1025.6
wind-ons_9,CA_N,2023,1012.5
wind-ons_9,CA_N,2026,1171.6
wind-ons_9,CA_N,2029,1171.6
wind-ons_9,CA_N,2032,1171.6
wind-ons_9,CA_S,2010,96.4
wind-ons_9,CA_S,2015,618.4
wind-ons_9,CA_S,2020,560.9
wind-ons_9,CA_S,2023,720.7
wind-ons_9,CA_S,2026,720.7
wind-ons_9,CA_S,2029,778.202
wind-ons_9,CA_S,2032,778.202
wind-ons_9,CA_SE,2010,41.0
wind-ons_9,CA_SE,2015,311.6
wind-ons_9,CA_SE,2020,313.5
wind-ons_9,CA_SE,2023,313.5
wind-ons_9,CA_SE,2026,498.489
wind-ons_9,CA_SE,2029,516.0
wind-ons_9,CA_SE,2032,516.0
wind-ons_9,OR_E,2010,422.2
wind-ons_9,OR_E,2015,422.2
wind-ons_9,OR_E,2020,422.2
wind-ons_9,OR_E,2023,422.2
wind-ons_9,OR_E,2026,422.2
wind-ons_9,OR_E,2029,1131.5
wind-ons_9,OR_E,2032,1131.5
wind-ons_9,WA_E,2010,234.0
wind-ons_9,WA_E,2015,234.0
wind-ons_9,WA_E,2020,234.0
wind-ons_9,WA_E,2023,234.0
wind-ons_9,WA_E,2026,234.0
wind-ons_9,WA_E,2029,738.0
wind-ons_9,WA_E,2032,738.0
wind-ons_10,CA_LA,2020,1.9
wind-ons_10,CA_LA,2023,1.9
wind-ons_10,CA_LA,2026,1.9
wind-ons_10,CA_LA,2029,186.0
wind-ons_10,CA_LA,2032,186.0
wind-ons_10,CA_N,2026,84.0
wind-ons_10,CA_N,2029,84.0
wind-ons_10,CA_N,2032,84.0
wind-ons_10,CA_S,2010,695.2
wind-ons_10,CA_S,2015,2305.7
wind-ons_10,CA_S,2020,2556.2
wind-ons_10,CA_S,2023,2677.3
wind-ons_10,CA_S,2026,2769.701
wind-ons_10,CA_S,2029,2769.701
wind-ons_10,CA_S,2032,2769.701
wind-ons_10,CA_SE,2010,476.5
wind-ons_10,CA_SE,2015,581.0
wind-ons_10,CA_SE,2020,490.0
wind-ons_10,CA_SE,2023,568.9
wind-ons_10,CA_SE,2026,816.901
wind-ons_10,CA_SE,2029,816.901
wind-ons_10,CA_SE,2032,816.901
wind-ons_10,OR_E,2029,180.0
wind-ons_10,OR_E,2032,180.0
wind-ons_10,OR_W,2029,732.666667
wind-ons_10,OR_W,2032,732.666667
wind-ons_10,WA_E,2026,246.0
wind-ons_10,WA_E,2029,246.0
wind-ons_10,WA_E,2032,246.0
wind-ons_10,WA_W,2032,204.0
geohydro_allkm_1,CA_N,2010,948.2
geohydro_allkm_1,CA_N,2015,948.2
geohydro_allkm_1,CA_N,2020,948.2
geohydro_allkm_1,CA_N,2023,948.2
geohydro_allkm_1,CA_N,2026,948.2
geohydro_allkm_1,CA_N,2029,948.2
geohydro_allkm_1,CA_N,2032,948.2
geohydro_allkm_1,CA_S,2010,255.7
geohydro_allkm_1,CA_S,2015,255.7
geohydro_allkm_1,CA_S,2020,255.7
geohydro_allkm_1,CA_S,2023,255.7
geohydro_allkm_1,CA_S,2026,255.7
geohydro_allkm_1,CA_S,2029,255.7
geohydro_allkm_1,CA_S,2032,255.7
geohydro_allkm_1,CA_SE,2010,581.9
geohydro_allkm_1,CA_SE,2015,581.9
geohydro_allkm_1,CA_SE,2020,581.9
geohydro_allkm_1,CA_SE,2023,581.9
geohydro_allkm_1,CA_SE,2026,581.9
geohydro_allkm_1,CA_SE,2029,581.9
geohydro_allkm_1,CA_SE,2032,581.9
geohydro_allkm_2,CA_LA,2032,190.171
geohydro_allkm_2,CA_S,2032,742.109
geohydro_allkm_2,CA_SE,2029,596.0
geohydro_allkm_2,CA_SE,2032,897.692
geohydro_allkm_3,CA_LA,2032,140.167601
geohydro_allkm_3,CA_N,2029,51.058333
geohydro_allkm_3,CA_N,2032,208.31034
geohydro_allkm_3,CA_S,2032,504.315383
geohydro_allkm_3,CA_SE,2032,661.654566
geohydro_allkm_4,OR_E,2029,0.6
geohydro_allkm_4,OR_E,2032,236.159
geohydro_allkm_4,OR_W,2032,142.766
geohydro_allkm_5,CA_LA,2032,12.092
geohydro_allkm_5,CA_S,2032,47.184
geohydro_allkm_5,CA_SE,2032,57.076
geohydro_allkm_6,CA_LA,2032,3.587
geohydro_allkm_6,CA_S,2032,13.995
geohydro_allkm_6,CA_SE,2032,16.929
geohydro_allkm_7,CA_LA,2032,6.263
geohydro_allkm_7,CA_S,2032,24.438
geohydro_allkm_7,CA_SE,2020,23.2
geohydro_allkm_7,CA_SE,2023,99.3
geohydro_allkm_7,CA_SE,2026,99.3
geohydro_allkm_7,CA_SE,2029,99.3
geohydro_allkm_7,CA_SE,2032,99.3
geohydro_allkm_7,OR_E,2015,19.5
geohydro_allkm_7,OR_E,2020,19.5
geohydro_allkm_7,OR_E,2023,19.5
geohydro_allkm_7,OR_E,2026,19.5
geohydro_allkm_7,OR_E,2029,19.5
geohydro_allkm_7,OR_E,2032,19.5
geohydro_allkm_8,CA_S,2023,29.6
geohydro_allkm_8,CA_S,2026,29.6
geohydro_allkm_8,CA_S,2029,29.6
geohydro_allkm_8,CA_S,2032,29.6
geohydro_allkm_8,CA_SE,2015,49.9
geohydro_allkm_8,CA_SE,2020,49.9
geohydro_allkm_8,CA_SE,2023,49.9
geohydro_allkm_8,CA_SE,2026,49.9
geohydro_allkm_8,CA_SE,2029,49.9
geohydro_allkm_8,CA_SE,2032,49.9
egs_nearfield_1,CA_N,2032,128.288
egs_nearfield_1,CA_S,2032,48.877
egs_nearfield_2,CA_N,2032,133.819
egs_nearfield_2,CA_S,2032,50.984
egs_nearfield_3,CA_N,2032,32.586
egs_nearfield_3,CA_S,2032,12.415
csp-ns,CA_SE,2010,260.0
csp-ns,CA_SE,2015,1177.8
csp-ns,CA_SE,2020,1177.8
csp-ns,CA_SE,2023,917.8
csp-ns,CA_SE,2026,917.8
csp-ns,CA_SE,2029,917.8
csp-ns,CA_SE,2032,917.8
Gas-CC_Gas-CC-CCS_mod,WA_W,2029,1539.043029
Gas-CC_Gas-CC-CCS_mod,WA_W,2032,1539.043029
